{
	"textures": {
		"bell": "entity/bell/bell_body",
		"bar": "block/dark_oak_planks",
		"post": "block/stone",
		"particle": "entity/bell/bell_body"
	},
	"elements": [
		{
			"from": [2, 13, 7],
			"to": [14, 15, 9],
			"faces": {
				"north": {"uv": [2, 2, 14, 4], "texture": "#bar"},
				"south": {"uv": [2, 3, 14, 5], "texture": "#bar"},
				"up": {"uv": [2, 3, 14, 5], "texture": "#bar"},
				"down": {"uv": [2, 3, 14, 5], "texture": "#bar"}
			}
		},
		{
			"from": [14, 0, 6],
			"to": [16, 16, 10],
			"faces": {
				"north": {"uv": [0, 1, 2, 16], "texture": "#post"},
				"east": {"uv": [0, 1, 4, 16], "texture": "#post", "cullface": "east"},
				"south": {"uv": [0, 1, 2, 16], "texture": "#post"},
				"west": {"uv": [0, 1, 4, 16], "texture": "#post"},
				"up": {"uv": [0, 0, 2, 4], "texture": "#post", "cullface": "up"},
				"down": {"uv": [0, 0, 2, 4], "texture": "#post", "cullface": "down"}
			}
		},
		{
			"from": [0, 0, 6],
			"to": [2, 16, 10],
			"faces": {
				"north": {"uv": [0, 1, 2, 16], "texture": "#post"},
				"east": {"uv": [0, 1, 4, 16], "texture": "#post"},
				"south": {"uv": [0, 1, 2, 16], "texture": "#post"},
				"west": {"uv": [0, 1, 4, 16], "texture": "#post", "cullface": "west"},
				"up": {"uv": [0, 0, 2, 4], "texture": "#post", "cullface": "up"},
				"down": {"uv": [0, 0, 2, 4], "texture": "#post", "cullface": "down"}
			}
		},
		{
			"from": [5, 6, 5],
			"to": [11, 13, 11],
			"faces": {
				"north": {"uv": [3, 3, 6, 6.5], "rotation": 180, "texture": "#bell"},
				"east": {"uv": [0, 3, 3, 6.5], "rotation": 180, "texture": "#bell"},
				"south": {"uv": [9, 3, 12, 6.5], "rotation": 180, "texture": "#bell"},
				"west": {"uv": [6, 3, 9, 6.5], "rotation": 180, "texture": "#bell"},
				"up": {"uv": [3, 0, 6, 3], "rotation": 180, "texture": "#bell"}
			}
		},
		{
			"from": [4, 4, 4],
			"to": [12, 6, 12],
			"faces": {
				"north": {"uv": [4, 10.5, 8, 11.5], "rotation": 180, "texture": "#bell"},
				"east": {"uv": [0, 10.5, 4, 11.5], "rotation": 180, "texture": "#bell"},
				"south": {"uv": [4, 10.5, 8, 11.5], "rotation": 180, "texture": "#bell"},
				"west": {"uv": [8, 10.5, 12, 11.5], "rotation": 180, "texture": "#bell"},
				"up": {"uv": [4, 6.5, 8, 10.5], "rotation": 180, "texture": "#bell"},
				"down": {"uv": [8, 6.5, 12, 10.5], "rotation": 180, "texture": "#bell"}
			}
		}
	]
}