{
	"parent": "block/block",
	"texture_size": [64, 64],
	"textures": {
		"particle": "#chest"
	},
	"elements": [
		{
			"from": [0, 9, 1],
			"to": [15, 14, 15],
			"rotation": {"angle": 0, "axis": "y", "origin": [8, 17, 9]},
			"faces": {
				"north": {"uv": [10.75, 3.5, 14.5, 4.75], "rotation": 180, "texture": "#chest"},
				"east": {"uv": [0, 3.5, 3.5, 4.75], "rotation": 180, "texture": "#chest"},
				"south": {"uv": [3.5, 3.5, 7.25, 4.75], "rotation": 180, "texture": "#chest"},
				"up": {"uv": [11, 0, 7.25, 3.5], "texture": "#chest"},
				"down": {"uv": [7.25, 0, 3.5, 3.5], "texture": "#chest"}
			}
		},
		{
			"from": [0, 7, 0],
			"to": [1, 11, 1],
			"rotation": {"angle": 0, "axis": "y", "origin": [8, 15, 8]},
			"faces": {
				"north": {"uv": [0.75, 0.25, 1, 1.25], "rotation": 180, "texture": "#chest"},
				"east": {"uv": [0, 0.25, 0.25, 1.25], "rotation": 180, "texture": "#chest"},
				"south": {"uv": [0.25, 0.25, 0.5, 1.25], "texture": "#chest"},
				"up": {"uv": [0.5, 0, 0.75, 0.25], "texture": "#chest"},
				"down": {"uv": [0.25, 0, 0.5, 0.25], "texture": "#chest"}
			}
		}
	]
}