{
	"parent": "block/block",
	"texture_size": [64, 64],
	"textures": {
		"particle": "#chest"
	},
	"elements": [
		{
			"from": [1, 0, 1],
			"to": [16, 10, 15],
			"rotation": {"angle": 0, "axis": "y", "origin": [9, 8, 9]},
			"faces": {
				"north": {"uv": [10.75, 8.25, 14.5, 10.75], "rotation": 180, "texture": "#chest"},
				"south": {"uv": [3.5, 8.25, 7.25, 10.75], "rotation": 180, "texture": "#chest"},
				"west": {"uv": [7.25, 8.25, 10.75, 10.75], "rotation": 180, "texture": "#chest"},
				"up": {"uv": [11, 4.75, 7.25, 8.25], "texture": "#chest"},
				"down": {"uv": [7.25, 4.75, 3.5, 8.25], "texture": "#chest", "cullface": "down"}
			}
		}
	]
}