{
  "required": true,
  "minVersion": "0.8",
  "package": "foundationgames.enhancedblockentities.mixin",
  "compatibilityLevel": "JAVA_17",
  "client": [
    "AbstractBlockStateMixin",
    "BakedModelManagerMixin",
    "BellBlockEntityMixin",
    "BlockEntityRenderDispatcherMixin",
    "BuiltinModelItemRendererMixin",
    "ChestBlockEntityMixin",
    "DecoratedPotBlockEntityMixin",
    "EnderChestBlockEntityMixin",
    "LifecycledResourceManagerImplMixin",
    "ShulkerBoxBlockEntityMixin",
    "SignBlockEntityRenderAccessor",
    "SignEditScreenMixin",
    "VideoOptionsScreenMixin",
    "WorldRendererMixin"
  ],
  "injectors": {
    "defaultRequire": 1
  }
}
