{
  "schemaVersion": 1,
  "id": "enhancedblockentities",
  "version": "${version}",

  "name": "Enhanced Block Entities",
  "description": "Optimize and customize block entity rendering with a more modern approach.",
  "authors": [
    "FoundationGames"
  ],
  "contact": {
    "homepage": "https://github.com/FoundationGames/EnhancedBlockEntities",
    "issues": "https://github.com/FoundationGames/EnhancedBlockEntities/issues",
    "sources": "https://github.com/FoundationGames/EnhancedBlockEntities"
  },

  "license": "LGPLv3",
  "icon": "assets/enhancedblockentities/icon.png",

  "environment": "client",
  "entrypoints": {
    "client": [
      "foundationgames.enhancedblockentities.EnhancedBlockEntities"
    ],
    "modmenu": [
      "foundationgames.enhancedblockentities.config.gui.EBEModMenuPlugin"
    ],
    "dashloader": [
      "foundationgames.enhancedblockentities.compat.dashloader.EBEDashLoader"
    ]
  },
  "mixins": [
    "enhancedblockentities.mixins.json"
  ],

  "depends": {
    "fabricloader": ">=0.7.4",
    "fabric-api": "*",
    "minecraft": ">=1.20.2"
  },
  "breaks": {
    "optifabric": "*"
  },

  "accessWidener": "enhancedblockentities.accesswidener",

  "custom": {
    "dashloader:dashobject": [
      "foundationgames.enhancedblockentities.compat.dashloader.DashDynamicBakedModel"
    ],
    "modmenu": {
      "links": {
        "modmenu.discord": "https://discord.gg/7Aw3y4RtY9"
      }
    }
  }
}
